<?xml version="1.0" encoding="UTF-8" standalone="yes" ?><cp:coreProperties xmlns:cp="http://schemas.openxmlformats.org/package/2006/metadata/core-properties" xmlns:dc="http://purl.org/dc/elements/1.1/" xmlns:dcmitype="http://purl.org/dc/dcmitype/" xmlns:dcterms="http://purl.org/dc/terms/" xmlns:xsi="http://www.w3.org/2001/XMLSchema-instance"><dc:creator>MathWorks, Inc.</dc:creator><dc:description>Default template for formatting HTML reports</dc:description><dc:identifier>default-rg-html</dc:identifier><dc:title>Default HTML Template</dc:title></cp:coreProperties>